species,trait1,trait2,trait3
t10,-0.032834486,0.00350641,-0.10686718
t18,0.005954219,0.341057319,0.862617808
t1,0.213381252,0.289917308,0.41678772
t15,0.949412561,0.95499293,1.064849883
t12,0.152218793,-0.062026566,-0.244307408
t17,-0.485565416,-0.609155108,-0.381809997
t11,-0.265843147,-0.408081918,-0.289110149
t14,0.275507359,-0.304613227,-0.259090399
t13,-0.187866926,-0.583984959,-0.426576773
t16,-0.539848758,-1.122024045,-1.16929773